partnerId,partnerName,totalLeads,lastLeadDate,mouYn,mouContractDate,industry,businessType,partnerType,ownerName,phone,convertedCount,conversionRate,opportunityCount,cwCount,cwConversionRate,lead1_date,lead1_name,lead1_status,lead1_converted,lead2_date,lead2_name,lead2_status,lead2_converted,lead3_date,lead3_name,lead3_status,lead3_converted,lead4_date,lead4_name,lead4_status,lead4_converted,lead5_date,lead5_name,lead5_status,lead5_converted
001TJ00000a10ZXYAY,"스마트체크",1,2025-12-31,,2025-12-31,"","서비스업",개인,"오유정",,0,0,0,0,0,2025-12-31,"이재원",종료,N,,,,,,,,,,,,,,,,
001IR00001ubiRHYAY,"이타",1,2025-10-17,,2024-02-20,"","",,"오유정",010-3265-2671,0,0,0,0,0,2025-10-17,"null",종료,N,,,,,,,,,,,,,,,,
001TJ00000SDc8zYAD,"중앙정보시스템",1,2025-10-15,,,"","",,"이은지",,0,0,0,0,0,2025-10-15,"null",장기부재,N,,,,,,,,,,,,,,,,
001IR00001q1vOVYAY,"화진몰테크",2,2025-06-17,,2024-09-03,"금형","제조업",사업자,"박해규",010-2939-1141,0,0,0,0,0,2025-06-17,"김영무",종료,N,2025-06-17,"김영무",리터치예정,N,,,,,,,,,,,,
001TJ00000UD4nzYAD,"제휴사소개_1",1,2025-04-10,,,"","",,"구준모",,0,0,0,0,0,2025-04-10,"산성숯불갈비",종료,N,,,,,,,,,,,,,,,,
001IR00001q1h1wYAA,"다온포스정보통신",1,2025-03-26,,2023-05-23,"","",,"명세준",010-4780-5656,0,0,0,0,0,2025-03-26,"밴쿠버",종료,N,,,,,,,,,,,,,,,,
001IR00001uc6wbYAA,"케이투네트웍스",1,2025-03-21,,2023-06-07,"통신공사","건설업",,"명세준",010-2255-8545,0,0,0,0,0,2025-03-21,"TEST_김보미",종료,N,,,,,,,,,,,,,,,,
001TJ00000DfLdhYAF,"다오픈",1,2025-03-12,,,"","",,"민재홍",,0,0,0,0,0,2025-03-12,"이다솜",종료,N,,,,,,,,,,,,,,,,
001IR00001q1goHYAQ,"한국카드체크",1,2025-03-06,,2023-02-22,"카드조회기","소매업",,"명세준",010-7744-5682,0,0,0,0,0,2025-03-06,"칭다오양꼬치",종료,N,,,,,,,,,,,,,,,,
001IR00001q1gltYAA,"대동I&C",3,2025-03-05,,2022-07-07,"","",,"명세준",010-6601-3399,0,0,0,0,0,2025-03-05,"한우에꽃피우다",종료,N,2024-08-03,"null",종료,N,2024-08-03,"null",종료,N,,,,,,,,
001IR00001q1gmbYAA,"카드플러스",1,2025-02-14,,2022-10-24,"","",,"명세준",010-4431-6262,0,0,0,0,0,2025-02-14,"-",종료,N,,,,,,,,,,,,,,,,
001IR00001q1gmpYAA,"LS페이",27,2025-05-07,,2023-08-02,"POS","도매 및 소매업",,"오유정",010-7425-0944,1,4,1,1,100,2025-05-07,"배숙한",Qualified,Y,2024-08-03,"null",종료,N,2024-08-03,"null",종료,N,2024-08-03,"null",종료,N,2024-08-03,"null",종료,N
001TJ00000G0JZQYA3,"(주)자비스앤빌런즈(삼쩜삼)",16,2025-11-01,,2025-04-25,"포털 및 기타 인터넷 정보매개 서비스업","출판, 영상, 방송통신 및 정보서비스",사업자,"박해규",,1,6,1,0,0,2025-11-01,"null",Qualified,Y,2025-10-16,"null",종료,N,2025-09-10,"null",종료,N,2025-09-10,"null",종료,N,2025-09-10,"null",종료,N
001TJ00000FvtdSYAR,"마루기획",10,2025-08-28,,,"로봇","소매업",사업자,"박해규",,1,10,1,0,0,2025-08-28,"파트너사대표입니다",Qualified,Y,2025-08-18,"null",종료,N,2025-08-14,"null",종료,N,2025-08-14,"null",종료,N,2025-08-14,"null",종료,N
001TJ00000AGr2dYAD,"NICE CMS",9,2025-05-07,,,"화물자동차 운송업","운수업",사업자,"구준모",010-8717-4949,1,11,1,0,0,2025-05-07,"보문식당",종료,N,2025-04-28,"도나도나(노원점)",종료,N,2025-04-04,"다다아구찜 해물찜 (완산점)",종료,N,2025-02-17,"류재승",Qualified,Y,2025-02-10,"-",종료,N
001IR00001q1h1lYAA,"정우정보통신",7,2025-02-13,,2022-12-06,"","",,"명세준",010-5345-4088,1,14,1,1,100,2025-02-13,"-",Qualified,Y,2025-02-13,"천서리막국수(레이크cc점)",종료,N,2024-08-03,"null",종료,N,2024-08-03,"null",종료,N,2024-08-03,"null",종료,N
001IR00001q1gmZYAQ,"스타포스",22,2025-11-28,,2022-12-14,"컴퓨터 및 사무용 기계","사업시설 관리",,"장성원",010-7292-7982,4,18,4,2,50,2025-11-28,"null",종료,N,2025-11-13,"null",Qualified,Y,2025-10-17,"null",종료,N,2025-10-17,"null",종료,N,2025-10-16,"null",종료,N
001IR00001q1h0pYAA,"엠케이기획",11,2025-01-22,,2023-09-13,"","",,"명세준",010-2659-8880,2,18,2,2,100,2025-01-22,"구이대장쪽갈비 광양점",Qualified,Y,2024-12-10,"-",Qualified,Y,2024-08-03,"null",종료,N,2024-08-03,"null",종료,N,2024-08-03,"null",종료,N
001IR00001q1gndYAA,"한국나래정보기술",5,2025-12-18,,2022-08-04,"","",사업자,"정용현",010-9026-1126,1,20,1,1,100,2025-12-18,"혜화곱창",종료,N,2025-09-15,"성북동면옥집(성북점)",Qualified,Y,2024-08-03,"null",종료,N,2024-08-03,"null",종료,N,2024-08-03,"null",종료,N
001IR00001q1glTYAQ,"금강넷정보통신",5,2025-08-20,,2022-05-25,"","",,"구준모",010-8626-5543,1,20,1,1,100,2025-08-20,"신덕용",Qualified,Y,2024-08-03,"null",종료,N,2024-08-03,"null",종료,N,2024-08-03,"null",종료,N,2024-08-03,"null",종료,N
001IR00001q1gnEYAQ,"HB포스시스템",13,2025-09-23,,2022-11-01,"포스카드체크기","도소매",,"오유정",010-4477-3900,3,23,3,1,33,2025-09-23,"김경호",종료,N,2025-08-28,"박승용",Qualified,Y,2025-07-24,"매울양양(경산점)",Qualified,Y,2024-08-14,"곽준혁",Qualified,Y,2024-08-03,"null",종료,N
001IR00001v89leYAA,"디오정보통신",4,2025-11-10,,,"신용카드조회기","도소매업",사업자,"박해규",,1,25,1,0,0,2025-11-10,"황인숙",Qualified,Y,2025-10-16,"유재원",종료,N,2025-10-16,"유재원",종료,N,2025-10-16,"유재원",종료,N,,,,
001IR00001q1gniYAA,"스카이티제이",4,2025-05-26,,2022-08-05,"신용카드조회기기 외","도매 및 소매업",,"명세준",010-6643-3044,1,25,1,0,0,2025-05-26,"박선영",종료,N,2024-08-19,"이만수",Qualified,Y,2024-08-03,"null",종료,N,2024-08-03,"null",종료,N,,,,
001IR00001q1gmLYAQ,"하나포스체크기",4,2025-04-08,,2022-11-04,"신용카드단말기 외","도,소매 외",,"박해규",010-8960-3322,1,25,1,1,100,2025-04-08,"초록원레스토랑",Qualified,Y,2024-08-03,"null",종료,N,2024-08-03,"null",종료,N,2024-08-03,"null",종료,N,,,,
001IR00001q1gnkYAA,"퍼스트밴",4,2025-03-24,,2023-03-08,"유통(포스, 통신기기)","도매",,"명세준",010-4877-1670,1,25,1,0,0,2025-03-24,"이오카츠",Qualified,Y,2024-08-03,"null",종료,N,2024-08-03,"null",종료,N,2024-08-03,"null",종료,N,,,,
001IR00001q1goXYAQ,"윈정보",7,2025-08-08,,2023-02-17,"","",개인,"오유정",010-2995-4381,2,29,2,2,100,2025-08-08,"남유진",Qualified,Y,2025-08-04,"육즙삼겹",Qualified,Y,2025-03-12,"유어푸드",종료,N,2024-08-03,"null",종료,N,2024-08-03,"null",고민중,N
001IR00001q1h2iYAA,"성우정보통신(성원준)",7,2025-08-07,,2023-03-28,"신용카드단말기","도소매",,"박해규",010-2001-7087,2,29,2,2,100,2025-08-07,"박홍화",Qualified,Y,2025-02-04,"김경도",종료,N,2024-08-12,"정현식",Qualified,Y,2024-08-03,"null",종료,N,2024-08-03,"null",종료,N
001IR00001q1h1qYAA,"한국정보마케팅",7,2025-01-20,,2024-04-09,"신용카드조회기","도소매",,"명세준",010-8477-5209,2,29,2,2,100,2025-01-20,"김민경",Qualified,Y,2025-01-09,"손민정",Qualified,Y,2024-08-03,"null",종료,N,2024-08-03,"null",종료,N,2024-08-03,"null",종료,N
001IR00001q1gmQYAQ,"포스넷",6,2025-12-05,,2022-07-28,"도소매","단말기 포스",사업자,"박해규",010-8819-8903,2,33,2,1,50,2025-12-05,"달빛한잔",Qualified,Y,2025-11-20,"청고장",Qualified,Y,2025-11-20,"null",종료,N,2024-08-03,"null",종료,N,2024-08-03,"null",종료,N
001IR00001q1h4rYAA,"어센틱렌탈",3,2025-08-19,,2024-05-08,"상품중개업","도매및소매업",,"오유정",010-5224-7872,1,33,1,1,100,2025-08-19,"장승규",Qualified,Y,2024-11-13,"닭도리탕(인천산곡점)",종료,N,2024-08-03,"null",종료,N,,,,,,,,
001IR00001q1gnAYAQ,"핀테크포스",3,2025-06-23,,2023-01-11,"","",,"오유정",010-7662-9792,1,33,1,0,0,2025-06-23,"윤한글",Qualified,Y,2024-08-03,"null",종료,N,2024-08-03,"null",종료,N,,,,,,,,
001IR00001q1gmdYAA,"모바일포스넷",3,2025-05-20,,2022-10-05,"통신위탁관리","서비스",,"박해규",010-5374-1318,1,33,1,0,0,2025-05-20,"고은비",Qualified,Y,2024-08-03,"null",종료,N,2024-08-03,"null",종료,N,,,,,,,,
001IR00001q1gmyYAA,"관동정보통신",9,2025-03-19,,2022-12-28,"","",,"명세준",010-8999-0578,3,33,3,3,100,2025-03-19,"라이옥(포항점)",Qualified,Y,2024-11-08,"김현채",종료,N,2024-10-18,"라이옥부산직영점",Qualified,Y,2024-09-23,"라이옥 주례냉정점",Qualified,Y,2024-08-03,"null",종료,N
001IR00001q1h5pYAA,"한국나래정보기술(유평열)",3,2025-03-17,,,"","",,"장성원",,1,33,1,1,100,2025-03-17,"바른식탁 시흥은계점",Qualified,Y,2025-03-10,"금화덕이",종료,N,2024-08-03,"null",종료,N,,,,,,,,
001IR00001q1glpYAA,"카드뱅크",3,2025-02-17,,2022-08-31,"카드체크기관리","서비스(사업관련)업",,"명세준",010-4181-2468,1,33,1,0,0,2025-02-17,"진국본가(완주봉동점)",Qualified,Y,2024-08-03,"null",종료,N,2024-08-03,"null",종료,N,,,,,,,,
001IR00001q1h11YAA,"에스엘",10,2025-09-01,,2023-11-20,"컴퓨터 및 주변장치","도매 및 소매업",,"박해규",010-4569-7730,4,40,4,3,75,2025-09-01,"조병익",Qualified,Y,2025-03-26,"이용익",Qualified,Y,2024-10-29,"테이스티 광안리",Qualified,Y,2024-08-26,"null",Qualified,Y,2024-08-03,"null",종료,N
001IR00001q1gnSYAQ,"하나카드넷",10,2025-07-10,,2022-12-26,"신용카드조회기","소매업",사업자,"정용현",010-6332-6991,4,40,4,3,75,2025-07-10,"이서은",종료,N,2025-07-07,"남대갈뚝배기(광주하단점)",종료,N,2025-07-03,"-",종료,N,2025-05-30,"김규태",Qualified,Y,2024-11-19,"물망초(여수학동점)",Qualified,Y
001IR00001q1gmYYAQ,"지오테크넷",62,2025-12-23,,2022-08-25,"유선통신장비","제조업",사업자,"오유정",010-8962-2107,26,42,26,14,54,2025-12-23,"김종구닭칼국수육보쌈",Qualified,Y,2025-12-01,"임계학",Qualified,Y,2025-11-13,"null",Qualified,Y,2025-08-13,"용호낙지(안국직영점)",종료,N,2025-07-08,"null",Qualified,Y
001IR00001q1goeYAA,"보나캠프",9,2025-10-13,,2023-03-16,"정보통신기기","출판, 영상",,"오유정",010-4300-9426,4,44,4,1,25,2025-10-13,"null",Qualified,Y,2025-09-05,"null",Qualified,Y,2025-04-01,"null",종료,N,2025-02-28,"부타이을지로점",Qualified,Y,2025-01-07,"null",Qualified,Y
001IR00001q1h1NYAQ,"세진시스템",11,2025-12-31,,2024-01-03,"그 외 기타","서비스업",개인,"오유정",010-9014-2788,5,45,5,3,60,2025-12-31,"NULL",Qualified,Y,2025-06-25,"무등골한우명품관(송정점)",Qualified,Y,2025-06-04,"정우식",Qualified,Y,2025-04-28,"-",Qualified,Y,2024-09-02,"-",종료,N
001IR00001q1gn4YAA,"앤씨정보통신",13,2025-03-18,,2023-04-07,"카드단말기","서비스업",,"명세준",010-8662-3223,6,46,6,6,100,2025-03-18,"상호미정",Qualified,Y,2025-03-13,"(상호미정) 천안점",종료,N,2025-02-24,"한신포차(시흥은계점)",Qualified,Y,2025-02-14,"전선정",Qualified,Y,2025-02-12,"투다리",Qualified,Y
001IR00001q1gmzYAA,"서희정보시스템",17,2025-09-04,,2023-01-20,"컴퓨터, 사무용기기","도소매",사업자,"정용현",010-4251-8288,8,47,8,7,88,2025-09-04,"마산설렁탕",종료,N,2025-08-22,"서경수",Qualified,Y,2025-06-04,"고단수(부산전포점)",Qualified,Y,2025-03-11,"마산설렁탕(장천점)",종료,N,2025-02-19,"정만옥",Qualified,Y
001IR00001q1glUYAQ,"현대아이넷",6,2025-12-17,,2022-05-23,"신용카드조회기","도소매",사업자,"오유정",010-7188-0909,3,50,3,2,67,2025-12-17,"운골한우",Qualified,Y,2025-04-16,"벌집갈비살(인계점)",Qualified,Y,2024-11-26,"대표",Qualified,Y,2024-08-03,"null",종료,N,2024-08-03,"null",종료,N
001IR00001q1h0vYAA,"한코퍼레이션",2,2025-12-04,,,"카드조회기","도매 및 소매업",사업자,"정용현",,1,50,1,1,100,2025-12-04,"지리산청",Qualified,Y,2024-08-03,"null",고민중,N,,,,,,,,,,,,
001IR00001q1gmXYAQ,"성화정보텍",60,2025-11-27,,2022-07-01,"전자제품(신용카드조회기)","도매",사업자,"박해규",010-5718-3049,30,50,29,14,48,2025-11-27,"null",Qualified,Y,2025-09-08,"이진하",Qualified,Y,2025-08-01,"장동희",Qualified,Y,2025-08-01,"장동희",Qualified,Y,2025-07-15,"임준희",종료,N
001TJ00000JCSgjYAH,"주식회사 비전",4,2025-11-26,,,"광고대행업","전문,과학 및 기술서비스업",사업자,"구준모",,2,50,2,1,50,2025-11-26,"푸른목장",Qualified,Y,2025-11-12,"null",종료,N,2025-11-12,"null",종료,N,2025-09-10,"null",Qualified,Y,,,,
001IR00001q1h54YAA,"깐부파트너스(구. 서아컴퍼니)",6,2025-11-19,,2024-04-17,"","",,"박해규",010-2777-0093,3,50,3,2,67,2025-11-19,"null",종료,N,2025-09-23,"김현진",Qualified,Y,2025-05-15,"김광화",종료,N,2025-05-14,"요일또감자탕",Qualified,Y,2024-09-03,"태백산한우촌",Qualified,Y
001IR00001q1pbSYAQ,"스카이정보통신",2,2025-11-04,,2024-08-14,"포스단말기","도매 및 소매업",,"박해규",010-8393-0432,1,50,1,0,0,2025-11-04,"null",종료,N,2024-08-13,"-",Qualified,Y,,,,,,,,,,,,
001IR00001q1goGYAQ,"애플정보통신",6,2025-10-13,,2022-10-24,"기타사업서비스","서비스(사업관련)업",사업자,"정용현",010-2701-1137,3,50,3,1,33,2025-10-13,"싹쓰리솥뚜껑김치생삼겹살(남양주점)",Qualified,Y,2024-10-21,"하츠아키",Qualified,Y,2024-09-25,"가평초밥",종료,N,2024-09-25,"수제맥주브롱스 안산고잔점",Qualified,Y,2024-08-03,"null",종료,N
001IR00001q1h5YYAQ,"다온시스템(포항)",8,2025-10-02,,2024-07-01,"카드단말기","도소매업",,"구준모",010-4569-5321,4,50,4,3,75,2025-10-02,"김경준",Qualified,Y,2025-04-30,"플랜에이포항송도본점",Qualified,Y,2025-04-18,"육식남",종료,N,2025-04-10,"상호미정",종료,N,2025-02-04,"나곡식당(울진점)",Qualified,Y
001TJ00000HwTeCYAV,"티오(설치팀)",2,2025-09-26,,,"기타자영업","협회 및 단체",사업자,"오유정",,1,50,1,0,0,2025-09-26,"임갑진",종료,N,2025-05-27,"훌리훌리(확인중)",Qualified,Y,,,,,,,,,,,,
001IR00001q1h0kYAA,"헤이페이",2,2025-09-18,,2023-06-28,"","",,"오유정",010-9910-0009,1,50,1,1,100,2025-09-18,"정현석",Qualified,Y,2024-08-03,"null",종료,N,,,,,,,,,,,,
001TJ00000Gk4c5YAB,"주당의비결",2,2025-08-28,,,"전분제품 및 당류 제조업/빵류,과자류,당류,초콜릿 도매업/전자상거래 소매업","제조업/도매 및 소매업/도매 및 소매업",,"오유정",,1,50,1,1,100,2025-08-28,"이영호",Qualified,Y,2025-05-09,"상호미정(역삼점)",종료,N,,,,,,,,,,,,
001IR00001q1goLYAQ,"찬솔",2,2025-05-14,,2023-02-16,"영상편집","서비스업",,"박해규",010-2671-1105,1,50,1,0,0,2025-05-14,"원지원",Qualified,Y,2025-05-13,"꾸석지 돌판한우(용화점)",종료,N,,,,,,,,,,,,
001IR00001q1gm6YAA,"굿페이먼츠",2,2025-04-28,,2022-08-24,"포스시스템,신용카드단말기","도매및소매업",,"명세준",010-9285-9905,1,50,1,0,0,2025-04-28,"테츠서초점",종료,N,2025-03-31,"-",Qualified,Y,,,,,,,,,,,,
001IR00001q1h2MYAQ,"한강포스정보통신",4,2025-04-21,,2023-08-23,"","",사업자,"박해규",010-2023-2483,2,50,2,0,0,2025-04-21,"상호 미정 (이태원점)",Qualified,Y,2024-10-08,"0",Qualified,Y,2024-08-03,"null",종료,N,2024-08-03,"null",종료,N,,,,
001IR00001q1gnFYAQ,"K-PG",2,2025-04-21,,2022-12-15,"","",,"구준모",010-2269-8986,1,50,1,1,100,2025-04-21,"소문난부부떡볶이(청주점)",Qualified,Y,2024-08-03,"null",담당자 배정,N,,,,,,,,,,,,
001IR00001q1h3BYAQ,"코리아포스",4,2025-03-28,,2023-10-11,"포스기기 외","도소매",,"명세준",010-8289-8077,2,50,2,2,100,2025-03-28,"김도윤",Qualified,Y,2025-02-19,"양꼬치객리단(상호미정)",종료,N,2024-08-12,"임수희",Qualified,Y,2024-08-03,"null",종료,N,,,,
001IR00001q1h2yYAA,"그래통신",2,2025-02-27,,2024-02-16,"","",,"명세준",010-2559-7268,1,50,1,1,100,2025-02-27,"갓생맥주안성점",Qualified,Y,2024-08-03,"null",종료,N,,,,,,,,,,,,
001IR00001q1h5DYAQ,"장순욱",6,2025-02-10,,2024-05-23,"","",,"명세준",010-2379-8900,3,50,3,1,33,2025-02-10,"유휘상",Qualified,Y,2024-12-20,"찰리박",Qualified,Y,2024-11-29,"비비큐 조원점",Qualified,Y,2024-10-21,"대표님",종료,N,2024-09-24,"-",종료,N
001IR00001q1h1hYAA,"더조은사람들",2,2025-02-06,,2023-09-11,"이알비(ERP)솔루션제휴업","서비스업",,"명세준",010-8428-6798,1,50,0,0,0,2025-02-06,"-",종료,N,2024-08-26,"한정화",Qualified,Y,,,,,,,,,,,,
001IR00001q1gldYAA,"아이오더컴퍼니",6,2025-02-05,,2022-05-27,"전자상거래 소매업 외","도매 및 소매업 외",,"명세준",010-5244-7963,3,50,3,1,33,2025-02-05,"김통일",Qualified,Y,2024-10-04,"백돈삼송신원점",Qualified,Y,2024-09-20,"-",Qualified,Y,2024-08-03,"null",종료,N,2024-08-03,"null",종료,N
001IR00001q1h4SYAQ,"디오스글로벌",2,2025-01-22,,2024-01-31,"경영 컨설팅업","서비스업",,"오유정",010-2409-5059,1,50,1,0,0,2025-01-22,"정영섭",Qualified,Y,2024-08-03,"null",종료,N,,,,,,,,,,,,
001IR00001q1h5KYAQ,"대호CNI",62,2025-08-25,,2024-07-30,"통신기기 소매업","도매 및 소매업",사업자,"오유정",010-6251-0092,32,52,32,14,44,2025-08-25,"null",Qualified,Y,2025-08-08,"제유",Qualified,Y,2025-07-29,"더맛있는해장국",Qualified,Y,2025-06-17,"북촌가(광주점)",Qualified,Y,2025-05-29,"송광피순대(완주점)",Qualified,Y
001IR00001q1glZYAQ,"포스뱅크(이지체크)",25,2025-07-08,,2022-05-23,"통신기기 외","도소매,서비스",,"박해규",010-5313-2042,13,52,13,11,85,2025-07-08,"아비꼬(마곡원그로브점)",Qualified,Y,2025-06-20,"문태종",Qualified,Y,2025-04-24,"오경숙",Qualified,Y,2025-04-21,"아비꼬올림픽공원역",Qualified,Y,2025-04-09,"박나일",Qualified,Y
001IR00001q1h1IYAQ,"에스지네트웍스",11,2025-12-29,,2023-06-13,"CCTV","소매업",사업자,"구준모",010-4475-1110,6,55,6,5,83,2025-12-29,"돌낙집",Qualified,Y,2025-11-19,"이영주",Qualified,Y,2025-05-30,"정상목",Qualified,Y,2025-04-07,"솥정옥",Qualified,Y,2025-02-18,"최가네소머리국밥(동래점)",Qualified,Y
001IR00001q1rTdYAI,"다브인터내셔널",11,2025-02-27,,2024-09-26,"건강식품","도소매",,"명세준",010-6705-3669,6,55,6,3,50,2025-02-27,"태산",Qualified,Y,2025-02-20,"백승진",종료,N,2025-01-14,"일품양평해장국",Qualified,Y,2025-01-07,"옛날손순대국밥",종료,N,2024-12-10,"최정철",Qualified,Y
001IR00001q1gmVYAQ,"바른페이정보통신",7,2025-08-05,,2022-10-24,"컴퓨터주변기기","도매 및 소매업",,"오유정",010-6440-5582,4,57,4,2,50,2025-08-05,"김영철",Qualified,Y,2024-11-08,"구이사포차",Qualified,Y,2024-08-09,"강신구",Qualified,Y,2024-08-06,"null",Qualified,Y,2024-08-03,"null",종료,N
001IR00001q1glqYAA,"에이스정보통신",31,2025-10-30,,2022-07-13,"신용카드단말기외","서비스",,"구준모",010-3467-1082,18,58,18,7,39,2025-10-30,"null",Qualified,Y,2025-10-30,"null",Qualified,Y,2025-08-21,"황뚝",Qualified,Y,2025-08-18,"김태현",Qualified,Y,2025-06-16,"인생감자탕(경북칠곡점)",Qualified,Y
001IR00001q1nsVYAQ,"(주)지엔앤[등록X]",12,2025-08-04,,2024-08-07,"카드포스기","",사업자,"박해규",010-7330-3178,7,58,7,4,57,2025-08-04,"송선화",Qualified,Y,2025-07-02,"오픈전",Qualified,Y,2025-06-24,"김동민",Qualified,Y,2025-03-04,"오픈예정",종료,N,2024-12-09,"연암정바베큐(울산점)",Qualified,Y
001IR00001q1h26YAA,"금화정보통신",5,2025-08-28,,2024-11-06,"신용카드조회기","정보통신업",,"장성원",,3,60,3,1,33,2025-08-28,"김은주",Qualified,Y,2024-10-23,"고동준",Qualified,Y,2024-08-16,"장진경",Qualified,Y,2024-08-03,"null",종료,N,2024-08-03,"null",종료,N
001IR00001q1h4JYAQ,"권윤(전재영)",5,2025-04-01,,,"","",,"박해규",010-5501-7889,3,60,3,2,67,2025-04-01,"부산댁 부산밀면/바른흑염소(김해점)",Qualified,Y,2024-08-12,"-",Qualified,Y,2024-08-12,"-",Qualified,Y,2024-08-03,"null",종료,N,2024-08-03,"null",종료,N
001IR00001q1glxYAA,"엔텍포스시스템",73,2025-11-28,,2022-07-01,"신용카드조회기","도소매",개인,"구준모",010-2030-7677,45,62,44,33,75,2025-11-28,"이충환",Qualified,Y,2025-10-28,"-",Qualified,Y,2025-09-09,"이민솔",Qualified,Y,2025-08-28,"칼누들바",Qualified,Y,2025-08-22,"송은석",Qualified,Y
001TJ00000CQRSHYA5,"주식회사 알에프에스",74,2025-11-03,,,"CCTV설치판매","도소매,제조업",사업자,"구준모",010-8466-3282,46,62,46,15,33,2025-11-03,"김창수",Qualified,Y,2025-10-10,"연남고집",Qualified,Y,2025-09-25,"샤브향",Qualified,Y,2025-08-19,"이유림",Qualified,Y,2025-07-17,"null",Qualified,Y
001IR00001q1gnQYAQ,"HK정보통신",8,2025-10-15,,2024-03-26,"","",,"박해규",010-7579-8345,5,63,5,5,100,2025-10-15,"null",Qualified,Y,2025-09-17,"왕창뼈다구해장국(명장점)",Qualified,Y,2025-06-26,"구포제면소(화명점)",Qualified,Y,2025-03-11,"고등어연구소(부산남구점)",Qualified,Y,2024-10-17,"감성조개",Qualified,Y
001IR00001q1goDYAQ,"스피드컴퍼니",8,2025-06-04,,2023-06-29,"","",사업자,"박해규",010-2838-2937,5,63,5,2,40,2025-06-04,"서보성",Qualified,Y,2024-09-23,"-",Qualified,Y,2024-09-11,"금돼지경기광명점",Qualified,Y,2024-09-04,"금돼지",Qualified,Y,2024-08-19,"-",Qualified,Y
001IR00001q1h4DYAQ,"포스IT시스템",3,2025-12-30,,2024-08-02,"신용카드단말기","도매 및 소매업",개인,"오유정",010-5166-2323,2,67,2,1,50,2025-12-30,"오케이도매횟집",Qualified,Y,2024-09-05,"오케이도매횟집",Qualified,Y,2024-08-03,"null",종료,N,,,,,,,,
001IR00001q1gm1YAA,"나눔정보통신",6,2025-12-01,,2024-07-23,"신용카드조회기, CCTV","소매",사업자,"구준모",010-5016-2646,4,67,4,4,100,2025-12-01,"이재민",Qualified,Y,2025-10-31,"이태하",Qualified,Y,2025-09-12,"정세호",Qualified,Y,2025-07-10,"최용희",Qualified,Y,2024-08-03,"null",종료,N
001IR00001q1h4vYAA,"이커머스",3,2025-11-04,,2024-02-28,"통신판매업","도매 및 소매업",,"박해규",010-9957-1438,2,67,2,1,50,2025-11-04,"하숙영",Qualified,Y,2025-03-28,"null",종료,N,2024-12-30,"봉동한우소머리국밥",Qualified,Y,,,,,,,,
001IR00001q1h3FYAQ,"두리정보통신",9,2025-10-27,,2024-05-08,"신용카드단말기","도,소매",,"구준모",010-3154-6456,6,67,6,2,33,2025-10-27,"본부장",Qualified,Y,2025-05-13,"성공관(구로디지털단지점)",Qualified,Y,2025-05-13,"성공관구로디지털단지",종료,N,2025-04-08,"대기만성 (평택본점)",Qualified,Y,2025-03-17,"세종숯불갈비",Qualified,Y
001IR00001q1h3kYAA,"케이정보통신(김상우)",3,2025-10-17,,2023-12-12,"신용카드조회기","도소매",,"명세준",010-6886-8484,2,67,2,0,0,2025-10-17,"허유준",Qualified,Y,2025-03-27,"만산한",Qualified,Y,2024-08-03,"null",종료,N,,,,,,,,
001IR00001q1h0UYAQ,"신우아이앤씨",6,2025-10-13,,2024-06-19,"","",,"오유정",010-7580-1524,4,67,4,2,50,2025-10-13,"null",Qualified,Y,2024-09-25,"신화포차",Qualified,Y,2024-09-05,"플럼뷔",Qualified,Y,2024-09-02,"김도연",Qualified,Y,2024-08-03,"null",종료,N
001IR00001q1h4IYAQ,"윤규환",6,2025-10-10,,2024-02-23,"","",개인,"정용현",010-8689-7050,4,67,4,3,75,2025-10-10,"동네술집반주",Qualified,Y,2025-09-08,"이상표, 김은선",Qualified,Y,2025-04-28,"추오정남원추어탕경기광주점",Qualified,Y,2024-10-21,"윤규환",종료,N,2024-08-03,"null",종료,N
001IR00001q1glnYAA,"[등록X]명인정보통신",6,2025-09-30,,2022-07-08,"통신장비 및 부품 도매업 외","도매 및 소매업",,"오유정",010-2471-7071,4,67,4,2,50,2025-09-30,"소통 연락처",Qualified,Y,2025-08-21,"최성민",Qualified,Y,2025-08-20,"null",종료,N,2025-06-25,"모소리(천호점)",Qualified,Y,2024-08-03,"null",부재중,N
001IR00001q1h3yYAA,"정한기획",3,2025-09-30,,,"","",,"장성원",,2,67,2,0,0,2025-09-30,"null",Qualified,Y,2024-10-02,"대원식육식당",Qualified,Y,2024-08-03,"null",종료,N,,,,,,,,
001IR00001q1gocYAA,"DSI시스템",3,2025-09-30,,,"","",,"장성원",,2,67,2,2,100,2025-09-30,"백스비어(칠곡왜관점)",Qualified,Y,2025-06-18,"새마을식당(태안안면도점)",Qualified,Y,2024-08-03,"null",종료,N,,,,,,,,
001IR00001q1gngYAA,"코리아페이",9,2025-09-02,,2022-06-03,"","",,"구준모",010-8636-0624,6,67,6,3,50,2025-09-02,"포레스트",Qualified,Y,2025-06-18,"서혜원",Qualified,Y,2025-05-23,"브우디엔(서구점)",부재중,N,2025-04-24,"투다리용봉점",고민중,N,2025-01-06,"유영선",Qualified,Y
001IR00001q1h59YAA,"다우정보통신",9,2025-08-20,,2024-07-01,"카드단말기","도소매",,"박해규",010-4875-8014,6,67,6,5,83,2025-08-20,"배영우",Qualified,Y,2025-08-05,"null",종료,N,2025-07-22,"박살뮤직타운(진주점)",Qualified,Y,2025-06-30,"-",Qualified,Y,2025-05-22,"김호준",Qualified,Y
001IR00001q1h4iYAA,"케이에스넷플러스",3,2025-07-14,,2024-04-09,"신용카드조회기","도소매",사업자,"박해규",010-4615-9399,2,67,2,1,50,2025-07-14,"권선화",Qualified,Y,2024-09-03,"성상현 매니저",Qualified,Y,2024-08-03,"null",종료,N,,,,,,,,
001IR00001q1h3IYAQ,"지에이치솔루션",3,2025-06-24,,2023-09-25,"","",,"박해규",010-7560-6072,2,67,2,2,100,2025-06-24,"세종횟집(세종점)",Qualified,Y,2024-10-25,"운영자",종료,N,2024-09-24,"김홍구",Qualified,Y,,,,,,,,
001IR00001q1gmnYAA,"미즈포스",3,2025-06-02,,2022-12-14,"신용카드단말기","도소매",,"박해규",010-3950-8255,2,67,2,0,0,2025-06-02,"칼라분식 (송파점)",Qualified,Y,2024-09-13,"강경불고기의정부직영점",Qualified,Y,2024-08-03,"null",종료,N,,,,,,,,
001IR00001q1h34YAA,"에스엠정보통신(조성민)",3,2025-04-10,,2023-12-08,"카드단말기","도매 및 소매업",,"박해규",010-3188-6814,2,67,2,1,50,2025-04-10,"육군2307부대양양충용회관",Qualified,Y,2025-02-13,"각광(춘천점)",Qualified,Y,2024-08-03,"null",리터치예정,N,,,,,,,,
001IR00001q1h1YYAQ,"더비즈코리아",3,2025-02-17,,2023-01-04,"","",,"명세준",010-3401-8975,2,67,2,2,100,2025-02-17,"제주얼큰이해장국(태릉점)",Qualified,Y,2025-01-13,"-",Qualified,Y,2024-08-03,"null",종료,N,,,,,,,,
001TJ00000AJsLVYA1,"IT정보통신",3,2025-02-05,,2024-12-19,"통신장비 및 부품 도매업","도매 및 소매업",,"명세준",010-3737-1433,2,67,2,1,50,2025-02-05,"-",Qualified,Y,2025-01-06,"브루클린피자 이태원",종료,N,2025-01-06,"아지매국밥 평택포승",Qualified,Y,,,,,,,,
001IR00001q1h0xYAA,"카드포스",13,2025-11-10,,2022-09-14,"신용카드단말기","도소매업",사업자,"정용현",010-8919-6856,9,69,9,3,33,2025-11-10,"황재경",Qualified,Y,2025-10-16,"이영옥",Qualified,Y,2025-10-16,"사재만",Qualified,Y,2025-07-10,"정성호",Qualified,Y,2025-07-10,"서현진",종료,N
001IR00001q1h3UYAQ,"티케이",10,2025-12-17,,2023-12-20,"카드결제기","도소매",사업자,"구준모",010-5585-2245,7,70,7,4,57,2025-12-17,"갈비만",Qualified,Y,2025-12-02,"카츠륜",Qualified,Y,2025-12-01,"수안보 연수원",Qualified,Y,2025-11-04,"홍대빽가네닭한마리",Qualified,Y,2025-09-26,"상인정신",Qualified,Y
001IR00001q1gllYAA,"NNP 포스",10,2025-11-21,,,"전자기기외","제조, 도매",,"박해규",010-4120-8820,7,70,7,5,71,2025-11-21,"유원지매장",Qualified,Y,2025-08-26,"박치우 부장",Qualified,Y,2025-02-27,"포차천국(영등포구청역점)",종료,N,2024-11-18,"윤성현",Qualified,Y,2024-09-30,"포차천국 검단신도시점",Qualified,Y
001IR00001q1h5OYAQ,"SS네트웍스",7,2025-12-30,,2024-06-18,"카드단말기","서비스업",개인,"박해규",010-4923-2834,5,71,5,3,60,2025-12-30,"백범",Qualified,Y,2025-12-09,"null",종료,N,2025-11-13,"김동환",Qualified,Y,2025-02-11,"봉스시",Qualified,Y,2024-08-22,"-",Qualified,Y
001IR00001q1gnbYAA,"호수정보통신",14,2025-12-22,,2022-10-04,"카드단말기,포스","서비스, 도소매",개인,"박해규",010-7252-2572,10,71,10,8,80,2025-12-22,"손연지",Qualified,Y,2025-11-21,"백합칼국수",종료,N,2025-11-17,"null",Qualified,Y,2025-11-13,"목세균",Qualified,Y,2025-09-15,"null",종료,N
001IR00001q1gmPYAQ,"창도사연",14,2025-11-29,,2022-10-11,"신용카드단말기 외","소매업 외",개인,"박해규",010-4949-6731,10,71,10,5,50,2025-11-29,"김유하",Qualified,Y,2025-09-18,"신경현",Qualified,Y,2025-07-02,"흥부네 해장국(나주점)",Qualified,Y,2025-06-26,"보성막회(광주점)",Qualified,Y,2025-05-07,"곱창집(상호미정)",Qualified,Y
001IR00001v7bKnYAI,"피알컴퍼니",7,2025-11-11,,,"키오스크제조","제조업",사업자,"박해규",,5,71,5,4,80,2025-11-11,"이족욱",Qualified,Y,2025-11-04,"김민지",종료,N,2025-09-12,"정경아",종료,N,2025-09-01,"박진규",Qualified,Y,2025-08-21,"노희중",Qualified,Y
001IR00001uAqpJYAS,"에이치제이포스(폐업)",4,2025-12-12,,2024-01-12,"","",사업자,"박해규",010-4447-8592,3,75,3,3,100,2025-12-12,"노경일",Qualified,Y,2025-08-06,"null",종료,N,2025-07-02,"장두희",Qualified,Y,2024-09-26,"양윤경",Qualified,Y,,,,
001IR00001q1h4LYAQ,"미르정보통신",4,2025-11-10,,2024-01-22,"카드조회기","도매및소매업",,"오유정",010-7155-8052,3,75,3,3,100,2025-11-10,"구범회",종료,N,2025-07-08,"이상훈",Qualified,Y,2024-09-10,"이상훈",Qualified,Y,2024-09-04,"슬로배곧",Qualified,Y,,,,
001IR00001q1h3dYAA,"엠에프데이터",4,2025-09-26,,2022-09-22,"","",,"구준모",010-2807-1775,3,75,3,3,100,2025-09-26,"재크와콩나물",Qualified,Y,2025-04-15,"유수인",Qualified,Y,2024-12-03,"박정희",Qualified,Y,2024-08-03,"null",종료,N,,,,
001IR00001q1gm5YAA,"에스피정보통신",48,2025-09-18,,2022-08-25,"","",사업자,"박해규",010-2025-6138,36,75,36,28,78,2025-09-18,"토리키치(청당점)",Qualified,Y,2025-08-18,"이찬우",Qualified,Y,2025-06-12,"김광진",Qualified,Y,2025-06-12,"신성철",Qualified,Y,2025-04-08,"중식당",Qualified,Y
001IR00001q1h1XYAQ,"원정보통신(원주)",4,2025-08-19,,2023-05-15,"카드체크기","도매 및 소매업",,"구준모",010-9171-0507,3,75,3,0,0,2025-08-19,"배*진",Qualified,Y,2025-03-31,"상호미정(원주점)",종료,N,2024-12-27,"-",Qualified,Y,2024-09-06,"훈",Qualified,Y,,,,
001IR00001uAm8rYAC,"비에이치파트너",4,2025-06-10,,2024-06-04,"경영 컨설팅업","전문, 과학 및 기술서비스업",사업자,"구준모",010-4101-8102,3,75,3,2,67,2025-06-10,"상호미정(공산성점)",Qualified,Y,2025-05-28,"강명임",리터치예정,N,2024-11-12,"최효레",Qualified,Y,2024-09-25,"구울계 오송점",Qualified,Y,,,,
001IR00001q1h2FYAQ,"큐밴플러스",4,2025-05-19,,2023-07-27,"소프트웨어개발및공급","정보통신업",,"오유정",010-5278-3756,3,75,3,2,67,2025-05-19,"박수현",Qualified,Y,2025-02-17,"리얼펍살얼음맥",Qualified,Y,2024-09-11,"춘천골닭갈비 민락점",Qualified,Y,2024-08-03,"null",종료,N,,,,
001IR00001q1p07YAA,"파트너_파트너사미정",4,2025-03-20,,,"","",,"장성원",,3,75,3,3,100,2025-03-20,"교동 감나무 (대구점)",Qualified,Y,2024-12-10,"-",Qualified,Y,2024-11-18,"등천홍(청주점)",종료,N,2024-10-31,"유환서",Qualified,Y,,,,
001IR00001q1gluYAA,"그레이스정보통신",5,2025-11-21,,2022-07-04,"기타기계 제조업 외","제조업 외",사업자,"오유정",010-4084-4899,4,80,4,2,50,2025-11-21,"아리재들밥",Qualified,Y,2025-08-13,"지호한방삼계탕(부산개금점)",Qualified,Y,2025-04-14,"이영건",Qualified,Y,2025-04-10,"광병국",Qualified,Y,2024-08-03,"null",종료,N
001IR00001q1h2NYAQ,"아스템즈",5,2025-09-03,,2023-11-19,"소프트웨어프로그램개발공급","서비스",사업자,"박해규",010-2547-5867,4,80,4,2,50,2025-09-03,"이정훈",Qualified,Y,2025-08-18,"장영기",Qualified,Y,2025-03-06,"정지형",Qualified,Y,2025-02-17,"토마틸로포항점",Qualified,Y,2024-08-03,"null",종료,N
001IR00001q1gnZYAQ,"태양정보",5,2025-08-25,,2022-12-21,"카드체크기","소매업",,"오유정",010-9793-1207,4,80,4,2,50,2025-08-25,"이용준",Qualified,Y,2025-06-16,"박민규",Qualified,Y,2025-05-22,"오규석",Qualified,Y,2025-05-08,"정일영",Qualified,Y,2024-08-03,"null",고민중,N
001IR00001q1h56YAA,"엔피아이네트웍스",5,2025-07-01,,2024-06-10,"","",,"오유정",010-9455-2822,4,80,4,2,50,2025-07-01,"김지윤",Qualified,Y,2025-04-14,"귀한족발 인천작전점",Qualified,Y,2024-09-26,"-",Qualified,Y,2024-09-12,"귀한족발 화성향남점",Qualified,Y,2024-08-03,"null",종료,N
001IR00001q1h5UYAQ,"한국정보나래기술(유평열)",10,2025-06-12,,2024-05-27,"","",개인,"박해규",010-9026-1126,8,80,7,2,29,2025-06-12,"원종선",Qualified,Y,2025-06-11,"두껍다회선생 (수유점)",Qualified,Y,2025-06-11,"원종선",Qualified,Y,2024-12-11,"이동혁",Qualified,Y,2024-11-25,"대표",종료,N
001IR00001udolOYAQ,"아라테크",11,2025-12-15,,2024-11-22,"카드단말기","도매 및 소매업",사업자,"오유정",010-4808-3835,9,82,9,8,89,2025-12-15,"배재석",Qualified,Y,2025-10-16,"null",Qualified,Y,2025-10-15,"김경연",Qualified,Y,2025-09-25,"김경연",Qualified,Y,2025-09-22,"null",Qualified,Y
001IR00001q1h0uYAA,"보니스",11,2025-03-06,,2023-04-14,"소프트웨어개발및공급","서비스",,"명세준",010-8934-1360,9,82,9,3,33,2025-03-06,"이용탁",Qualified,Y,2025-02-17,"화로화수락본점",Qualified,Y,2025-01-14,"우건매",Qualified,Y,2025-01-14,"우건매",Qualified,Y,2025-01-09,"김영규",Qualified,Y
001IR00001v8jgDYAQ,"레드텔레콤",60,2025-12-26,,,"광고 대행업","서비스업",사업자,"오유정",010-3536-9093,50,83,50,30,60,2025-12-26,"최수민",Qualified,Y,2025-12-08,"유인섭",Qualified,Y,2025-11-12,"남국선",Qualified,Y,2025-11-06,"NULL",Qualified,Y,2025-10-31,"null",Qualified,Y
001IR00001uDweCYAS,"위드아이티",23,2025-08-20,,2024-10-08,"응용 소프트웨어 개발 및 공급업","정보통신업",사업자,"정용현",010-2581-8728,19,83,19,13,68,2025-08-20,"김영근",Qualified,Y,2025-06-30,"이다훈",Qualified,Y,2025-06-23,"홍현주",Qualified,Y,2025-06-09,"박정운",Qualified,Y,2025-05-22,"이옥화",Qualified,Y
001IR00001q1h4RYAQ,"에어포스밴",12,2025-08-06,,2023-06-27,"통신장비","도매업",,"구준모",010-5615-4263,10,83,10,7,70,2025-08-06,"null",Qualified,Y,2025-05-19,"짚신매운갈비찜(석계점)",Qualified,Y,2025-02-14,"게간지탁이",Qualified,Y,2025-02-12,"null",Qualified,Y,2025-02-11,"짚신매운갈비찜 서면",Qualified,Y
001IR00001q1goCYAQ,"두배로정보통신",6,2025-07-29,,2023-02-15,"카드단말기","임대 서비스업",,"구준모",010-8001-9667,5,83,5,4,80,2025-07-29,"김종빈",Qualified,Y,2025-07-28,"-",종료,N,2025-03-13,"족발대식가",Qualified,Y,2025-03-13,"족발대식가(화성점)",Qualified,Y,2025-02-18,"정영진",Qualified,Y
001IR00001q1h3sYAA,"하나데이타정보",6,2025-06-24,,2023-12-01,"","",,"박해규",010-5016-8588,5,83,5,3,60,2025-06-24,"논현 술상(논현점)",Qualified,Y,2025-06-24,"논현술상",종료,N,2025-05-07,"장수루양꼬치당진점",Qualified,Y,2025-04-17,"이승배",Qualified,Y,2025-03-17,"장수루양꼬치(태안점)",Qualified,Y
001IR00001q1h4ZYAQ,"에스포스",6,2025-05-02,,2024-03-27,"카드체크기및POS","소매업",사업자,"박해규",010-5362-7961,5,83,5,4,80,2025-05-02,"명가교동짬뽕평창알펜시아점",Qualified,Y,2025-03-13,"원영임",Qualified,Y,2024-12-02,"-",Qualified,Y,2024-11-06,"양정곤",Qualified,Y,2024-09-03,"가마치통닭 여주오학점",Qualified,Y
001IR00001q1ny4YAA,"신규파트너_임시",36,2025-10-28,,,"","",,"장성원",,31,86,31,19,61,2025-10-28,"성원칼국수",Qualified,Y,2025-08-22,"null",Qualified,Y,2025-08-18,"안인정미소&개나리주택",Qualified,Y,2025-08-07,"박인수",Qualified,Y,2025-08-05,"곰실장",Qualified,Y
001IR00001q1gmfYAA,"마스터밴",94,2025-09-29,,2023-01-12,"신용카드단말기포스","도매 및 소매업",,"박해규",010-9162-4719,81,86,81,75,93,2025-09-29,"반지하",Qualified,Y,2025-08-14,"이재형",Qualified,Y,2025-08-11,"정보영",Qualified,Y,2025-06-09,"황규봉",Qualified,Y,2025-06-09,"권은정",Qualified,Y
001IR00001q1h5jYAA,"우경포스",8,2025-10-24,,2024-07-29,"","",,"박해규",,7,88,7,1,14,2025-10-24,"null",Qualified,Y,2025-10-21,"이대규",Qualified,Y,2025-09-15,"이수길",Qualified,Y,2025-09-09,"윤소희",Qualified,Y,2025-09-04,"이은호",Qualified,Y
001IR00001q1h5tYAA,"에이맥스",8,2025-05-20,,2024-09-06,"밴서비스,도소매,컨설팅","서비스업,도소매 정보통신업",,"오유정",,7,88,7,5,71,2025-05-20,"고른햇살(성북점)",Qualified,Y,2025-02-25,"이연순",Qualified,Y,2024-12-10,"-",Qualified,Y,2024-09-06,"-",Qualified,Y,2024-09-05,"김지희",Qualified,Y
001IR00001q1h5JYAQ,"제노텍",10,2025-12-29,,2024-05-30,"전동기 및 발전기 제조업","제조업",사업자,"구준모",010-7143-1048,9,90,9,3,33,2025-12-29,"오봉도",Qualified,Y,2025-12-08,"돌통통닭",Qualified,Y,2025-09-25,"꽃도새기",Qualified,Y,2025-08-27,"미진막창",종료,N,2025-08-26,"-",Qualified,Y
001IR00001q1rTTYAY,"더모스트",11,2025-09-30,,,"광고 대행업","전문, 과학기술 및 기술서비스",사업자,"정용현",010-4110-2665,10,91,10,3,30,2025-09-30,"백정",Qualified,Y,2025-06-16,"명가해장국(세종점)",종료,N,2025-05-26,"이은진",Qualified,Y,2025-05-02,"화덕에구어락",Qualified,Y,2025-03-28,"오복누룽지삼계탕",Qualified,Y
001IR00001q1h5kYAA,"최가현",24,2025-04-16,,2024-07-10,"","",,"명세준",010-9619-7982,22,92,22,20,91,2025-04-16,"동백온실(경기파주점)",Qualified,Y,2024-11-08,"대표",Qualified,Y,2024-11-08,"대표",종료,N,2024-11-07,"대표",Qualified,Y,2024-11-04,"대표",Qualified,Y
001IR00001q1nvPYAQ,"김태형(이미애)",12,2025-02-19,,2024-11-08,"","",개인,"명세준",,11,92,11,1,9,2025-02-19,"박정신",Qualified,Y,2025-01-24,"-",Qualified,Y,2024-11-29,"더본감자탕(정읍점)",Qualified,Y,2024-11-29,"바른치킨정읍점",Qualified,Y,2024-11-20,"대표",Qualified,Y
001TJ00000C5x2BYAR,"에스블루오션",15,2025-10-21,,,"전자상거래 소매업","도매및소매업",,"박해규",010-4073-2237,14,93,14,14,100,2025-10-21,"조경찬",Qualified,Y,2025-06-19,"고영준",Qualified,Y,2025-05-27,"조경찬",Qualified,Y,2025-05-23,"을지깐깐(마곡점)",Qualified,Y,2025-05-23,"페이홍러우 (마곡점)",Qualified,Y
001TJ00000AoRFNYA3,"[등록X]함상균(개인)",40,2025-10-27,,2025-01-09,"","",개인,"오유정",,38,95,38,35,92,2025-10-27,"이세민",Qualified,Y,2025-09-16,"연규중",Qualified,Y,2025-08-22,"우영하",Qualified,Y,2025-08-20,"강건구 주임",Qualified,Y,2025-08-08,"하유리",Qualified,Y
001TJ00000VV8e7YAD,"추종민",2,2025-12-30,,2025-11-19,"","",개인,"박해규",,2,100,2,2,100,2025-12-30,"김진웅",Qualified,Y,2025-12-03,"김효선",Qualified,Y,,,,,,,,,,,,
001TJ00000VcDnIYAV,"(주)더비즈케어",1,2025-12-24,,2025-11-25,"서비스","소프트웨어개발",사업자,"오유정",,1,100,1,1,100,2025-12-24,"노병희",Qualified,Y,,,,,,,,,,,,,,,,
001IR00001q1h4mYAA,"브이오티",1,2025-12-24,,2024-05-08,"","",개인,"명세준",010-9459-7754,1,100,1,0,0,2025-12-24,"논현삼계탕",Qualified,Y,,,,,,,,,,,,,,,,
001TJ00000UDOo4YAH,"제휴사소개_2",3,2025-12-22,,2025-11-01,"","",개인,"정용현",,3,100,3,1,33,2025-12-22,"박가네국수 전문점",Qualified,Y,2025-12-15,"확인필요",Qualified,Y,2025-11-21,"김대광",Qualified,Y,,,,,,,,
001TJ00000YwmqMYAR,"이지스테크",1,2025-12-19,,2025-12-19,"도매 및 소매업","cctv, pos 신용카드",사업자,"이은지",,1,100,1,1,100,2025-12-19,"송승민",Qualified,Y,,,,,,,,,,,,,,,,
001TJ00000XzLUOYA3,"한국카드넷",1,2025-12-17,,2025-12-17,"도소매","신용카드조회기",사업자,"정용현",,1,100,1,0,0,2025-12-17,"킹콩부대찌개",Qualified,Y,,,,,,,,,,,,,,,,
001TJ00000WdsETYAZ,"그린정보통신(진소영대표)",2,2025-12-16,,2025-12-03,"서비스업","",사업자,"오유정",,2,100,2,1,50,2025-12-16,"이한별",Qualified,Y,2025-12-16,"정연희",Qualified,Y,,,,,,,,,,,,
001IR00001q1h46YAA,"에스엠정보통신(오영근)",1,2025-12-16,,2024-02-02,"카드체크기","도소매",개인,"명세준",010-5009-5587,1,100,1,1,100,2025-12-16,"동베이",Qualified,Y,,,,,,,,,,,,,,,,
001TJ00000LqNpQYAV,"이환정(개인)",3,2025-12-09,,,"","",개인,"오유정",,3,100,3,2,67,2025-12-09,"이환정",Qualified,Y,2025-07-21,"무청감자탕(이대점)",Qualified,Y,2025-07-21,"무청감자탕(이대점)",Qualified,Y,,,,,,,,
001IR00001q1h2mYAA,"크로스라인",3,2025-12-04,,2023-10-11,"카드단말기","도매및소매업",개인,"오유정",010-8255-2100,3,100,3,1,33,2025-12-04,"김창주",Qualified,Y,2025-10-14,"정기숙",Qualified,Y,2025-01-10,"장유화",Qualified,Y,,,,,,,,
001TJ00000VcgsYYAR,"엠젠솔루션",1,2025-11-28,,2025-12-12,"경영 컨설팅업","전문, 과학 및 기술서비스업",사업자,"오유정",,1,100,1,0,0,2025-11-28,"이선희",Qualified,Y,,,,,,,,,,,,,,,,
001TJ00000KoWAuYAN,"(주)유니원",3,2025-11-28,,2025-12-19,"","제조업",사업자,"구준모",,3,100,3,0,0,2025-11-28,"확인필요",Qualified,Y,2025-07-29,"최이순",Qualified,Y,2025-07-07,"조유미",Qualified,Y,,,,,,,,
001TJ00000UeBJtYAN,"대한카드시스템",1,2025-11-27,,2025-11-17,"","",사업자,"구준모",,1,100,1,1,100,2025-11-27,"우수빈",Qualified,Y,,,,,,,,,,,,,,,,
001IR00001q1h4yYAA,"디자인윤영",3,2025-11-26,,2024-03-19,"","",사업자,"오유정",010-7937-5675,3,100,3,2,67,2025-11-26,"김수빈",Qualified,Y,2025-11-04,"김석환",Qualified,Y,2025-07-11,"이희진",Qualified,Y,,,,,,,,
001TJ00000VuHinYAF,"KTS솔루션",1,2025-11-25,,,"","",,"이은지",,1,100,1,0,0,2025-11-25,"꽃담",Qualified,Y,,,,,,,,,,,,,,,,
001IR00001q1h5SYAQ,"지나정보통신",3,2025-11-17,,2024-05-14,"신용카드단말기, 통신기기, CCTV","도매업",,"오유정",010-8738-0288,3,100,3,3,100,2025-11-17,"박성란",Qualified,Y,2025-05-09,"봉다미샤브샤브",Qualified,Y,2024-10-04,"정재훈",Qualified,Y,,,,,,,,
001IR00001ubi3ZYAQ,"올더페이",1,2025-11-13,,2024-05-09,"","",,"박해규",010-8945-6795,1,100,1,1,100,2025-11-13,"김창헌",Qualified,Y,,,,,,,,,,,,,,,,
001IR00001q1gm9YAA,"수성정보통신",4,2025-11-13,,2022-08-09,"신용카드단말기 외","도소매 외",,"오유정",010-9116-1694,4,100,4,4,100,2025-11-13,"null",Qualified,Y,2025-09-01,"남기훈",Qualified,Y,2025-06-23,"포차천국(평택지제점)",Qualified,Y,2025-02-03,"-",Qualified,Y,,,,
001TJ00000HNr8KYAT,"포스월드",2,2025-11-06,,,"pos기기","도소매",사업자,"박해규",,2,100,2,2,100,2025-11-06,"null",Qualified,Y,2025-06-12,"오일내(본점)",Qualified,Y,,,,,,,,,,,,
001TJ00000U059lYAB,"(주)리바이저",1,2025-11-05,,2025-11-25,"정보통신업","소프트웨어 개발 및 공급업",사업자,"오유정",,1,100,1,1,100,2025-11-05,"선호영",Qualified,Y,,,,,,,,,,,,,,,,
001TJ00000P4ESbYAN,"제휴사소개",3,2025-11-03,,,"","",,"박해규",,3,100,3,3,100,2025-11-03,"최은철",Qualified,Y,2025-10-16,"이은선",Qualified,Y,2025-10-16,"한종헌",Qualified,Y,,,,,,,,
001IR00001q1h2wYAA,"스피드통신",3,2025-10-28,,2023-11-08,"통신판매","서비스",사업자,"오유정",010-9718-5557,3,100,3,1,33,2025-10-28,"1986소담갈비",Qualified,Y,2025-08-28,"김진범",Qualified,Y,2025-08-08,"이대준",Qualified,Y,,,,,,,,
001TJ00000SWAM2YAP,"태.보 정보통신",1,2025-10-27,,2025-10-22,"카드단말기설치및판매/체크기, 포스, 키오스크","서비스업/도매 및 소매업",사업자,"오유정",,1,100,1,1,100,2025-10-27,"맥주마차",Qualified,Y,,,,,,,,,,,,,,,,
001TJ00000SMwwTYAT,"최정호(개인)",1,2025-10-17,,,"","",,"박해규",,1,100,1,0,0,2025-10-17,"null",Qualified,Y,,,,,,,,,,,,,,,,
001TJ00000Ny5vjYAB,"성진F&B",1,2025-10-15,,,"식품, 잡화 유통/가맹점","소매업/협회 및 단체, 수리 및 기타 개인서비스업",,"구준모",,1,100,1,1,100,2025-10-15,"상호미정",Qualified,Y,,,,,,,,,,,,,,,,
001IR00001q1h2pYAA,"대전세종충남정수기",5,2025-10-15,,2023-09-01,"전자상거래 소매업 외","도매 및 소매업",,"오유정",010-3936-4862,5,100,5,3,60,2025-10-15,"임진혁",Qualified,Y,2025-06-11,"이영순",Qualified,Y,2025-04-29,"밀물칼국수",Qualified,Y,2024-10-31,"장승혁",Qualified,Y,2024-09-30,"넛츠비어",Qualified,Y
001TJ00000OhV2oYAF,"주식회사 케이브라더스",1,2025-10-01,,,"PC/AS/상품종합중개업/컴퓨터 및 주변기기/통신기기 소매업/컴퓨터 및 사무용기계장비렌탈/온라인정보처리 및 제공기술업","서비스업/도소매업/도소매업/소매업/도매업/임대서비스업",,"박해규",,1,100,1,1,100,2025-10-01,"null",Qualified,Y,,,,,,,,,,,,,,,,
001TJ00000RDZGXYA5,"엘림정보통신",1,2025-09-30,,,"카드기, 포스기","소매",,"오유정",,1,100,1,0,0,2025-09-30,"홍윤미",Qualified,Y,,,,,,,,,,,,,,,,
001TJ00000QtCfzYAF,"솔로몬푸드",1,2025-09-26,,,"","",,"정용현",,1,100,1,0,0,2025-09-26,"우리동네삼겹무한대패(배곧지산점)",Qualified,Y,,,,,,,,,,,,,,,,
001TJ00000QsgmTYAR,"비씨텔레콤(BCT)",1,2025-09-16,,,"전자상거래 소매업","소매업",사업자,"박해규",,1,100,1,1,100,2025-09-16,"가맹점주 성함 : 정한식  본부장: 윤성지",Qualified,Y,,,,,,,,,,,,,,,,
001TJ00000PoOxIYAV,"하나로정보통신(KOCES)",1,2025-09-11,,,"","",,"이은지",,1,100,1,0,0,2025-09-11,"-",Qualified,Y,,,,,,,,,,,,,,,,
001IR00001q1h5IYAQ,"한양정보",3,2025-09-04,,2024-07-03,"컴퓨터주변장치","도소매",,"구준모",,3,100,3,3,100,2025-09-04,"최종애",Qualified,Y,2025-07-15,"유창준",Qualified,Y,2024-11-13,"신창홍",Qualified,Y,,,,,,,,
001TJ00000B4lLNYAZ,"위드오더",8,2025-09-03,,,"테이블오더,키오스크","정보통신업",사업자,"명세준",,8,100,8,7,88,2025-09-03,"최영은",Qualified,Y,2025-02-10,"-",Qualified,Y,2025-02-06,"조진욱",Qualified,Y,2025-01-13,"-",Qualified,Y,2025-01-13,"-",Qualified,Y
001IR00001q1qm8YAA,"미래정보시스템",3,2025-09-02,,2024-08-16,"카드단말기임대, 설치","서비스",사업자,"박해규",010-9248-1657,3,100,3,3,100,2025-09-02,"서민호",Qualified,Y,2025-07-14,"박정일",Qualified,Y,2024-08-16,"null",Qualified,Y,,,,,,,,
001IR00001ua59VYAQ,"우리정보통신(공재완)",3,2025-09-01,,2022-06-10,"신용카드조회기","도소매",,"구준모",010-2672-1197,3,100,3,2,67,2025-09-01,"이경희",Qualified,Y,2024-12-26,"김대용",Qualified,Y,2024-10-08,"정민재",Qualified,Y,,,,,,,,
001IR00001q1h2hYAA,"가온정보통신",3,2025-08-26,,2023-09-19,"통신장비","소매업",,"박해규",010-9491-9248,3,100,3,3,100,2025-08-26,"강다슬",Qualified,Y,2024-09-19,"김주년",Qualified,Y,2024-08-08,"-",Qualified,Y,,,,,,,,
001TJ00000EIo7zYAD,"뱅크정보",1,2025-08-25,,,"카드단말기","도소매",,"박해규",,1,100,1,0,0,2025-08-25,"윤철규",Qualified,Y,,,,,,,,,,,,,,,,
001IR00001q1gljYAA,"제이투시스템",8,2025-08-11,,2022-06-10,"포스시스템","정보통신업",,"오유정",010-8511-6000,8,100,8,7,88,2025-08-11,"서정민",Qualified,Y,2025-03-25,"수정램가수성점",Qualified,Y,2025-03-05,"이재윤",Qualified,Y,2025-02-13,"바글바글들안길점",Qualified,Y,2024-10-02,"옥계대장순대국밥",Qualified,Y
001TJ00000Hwh7dYAB,"상은플러스",1,2025-08-04,,,"신용카드 van 서비스업","정보통신업",사업자,"박해규",,1,100,1,1,100,2025-08-04,"유종환",Qualified,Y,,,,,,,,,,,,,,,,
001TJ00000B1kfBYAR,"컴파운트인터레스트",3,2025-08-01,,,"광고 대행업","도매 및 소매업",사업자,"박해규",,3,100,3,2,67,2025-08-01,"박소윤,손정희",Qualified,Y,2025-02-27,"벤탄빌라수지점",Qualified,Y,2025-01-08,"최종주",Qualified,Y,,,,,,,,
001IR00001q1h1MYAQ,"리본포스",2,2025-07-31,,2023-06-08,"카드단말기","소매업",사업자,"정용현",010-4120-6586,2,100,2,2,100,2025-07-31,"통돼지포차",Qualified,Y,2025-07-14,"신창훈",Qualified,Y,,,,,,,,,,,,
001IR00001q1h5NYAQ,"이지피엔씨",1,2025-07-30,,2024-06-10,"카드단말기","도소매업(자동차제외)",사업자,"박해규",010-5092-9898,1,100,1,0,0,2025-07-30,"한승지",Qualified,Y,,,,,,,,,,,,,,,,
001IR00001q1h1EYAQ,"위드로보틱스",3,2025-07-21,,2023-06-26,"","",,"오유정",010-4606-1338,3,100,3,0,0,2025-07-21,"또삼(세종점)",Qualified,Y,2025-02-18,"그랜드제빵소",Qualified,Y,2024-08-05,"미정",Qualified,Y,,,,,,,,
001IR00001q1h52YAA,"다온시스템(대구)",1,2025-07-21,,2024-07-03,"카드조회기","도매",사업자,"구준모",010-2233-2313,1,100,1,1,100,2025-07-21,"찐찐뒷고기(북구점)",Qualified,Y,,,,,,,,,,,,,,,,
001TJ00000LrYQtYAN,"주은정보통신",1,2025-07-21,,,"카드단말기포스","서비스업",,"정용현",,1,100,1,1,100,2025-07-21,"원미연",Qualified,Y,,,,,,,,,,,,,,,,
001IR00001uArbwYAC,"센트럴웨이",1,2025-07-16,,2024-09-27,"포스시스템, 신용카드단말기/실내장식업(소규모공사)/통신기기/소프트웨어개발및공급","도소매/건설/도매/서비스",,"구준모",010-9132-6599,1,100,1,1,100,2025-07-16,"난춘반점(기흥점)",Qualified,Y,,,,,,,,,,,,,,,,
001IR00001v8fkjYAA,"밀레니엄정보",1,2025-07-14,,2024-12-04,"카드체크기,CCTV","서비스업",사업자,"정용현",,1,100,1,0,0,2025-07-14,"-",Qualified,Y,,,,,,,,,,,,,,,,
001TJ00000BJRHVYA5,"골드린치핀",2,2025-07-14,,2025-01-21,"CCTV무인경비 보안컨설팅","서비스업",사업자,"구준모",,2,100,2,1,50,2025-07-14,"이지수",Qualified,Y,2025-06-02,"최영민",Qualified,Y,,,,,,,,,,,,
001IR00001q1h4jYAA,"대성정보(김태호)",1,2025-07-10,,2024-05-10,"카드단말기","도소매업",,"박해규",010-3796-2086,1,100,1,0,0,2025-07-10,"-",Qualified,Y,,,,,,,,,,,,,,,,
001IR00001ubi6ZYAQ,"카드단말기포스TV",1,2025-07-02,,2023-06-08,"","",,"박해규",010-5773-8297,1,100,1,1,100,2025-07-02,"장지영",Qualified,Y,,,,,,,,,,,,,,,,
001IR00001q1h4oYAA,"조은정보통신(제주)",1,2025-06-24,,2024-04-08,"통신기기","도매및소매업",사업자,"박해규",010-7580-4862,1,100,1,1,100,2025-06-24,"김영훈",Qualified,Y,,,,,,,,,,,,,,,,
001IR00001q1goKYAQ,"김은규",2,2025-06-23,,2023-03-07,"","",개인,"정용현",010-5341-4445,2,100,2,2,100,2025-06-23,"강명희",Qualified,Y,2024-12-12,"조재혁",Qualified,Y,,,,,,,,,,,,
001TJ00000IPl9RYAT,"미래켐",1,2025-06-23,,,"","도소매",사업자,"명세준",,1,100,1,1,100,2025-06-23,"최은수",Qualified,Y,,,,,,,,,,,,,,,,
001TJ00000CWdaPYAT,"서현기획",1,2025-06-10,,2025-02-17,"간판 및 광고물 제조업","제조업",,"박해규",,1,100,1,0,0,2025-06-10,"제주통아구찜(의정부점)",Qualified,Y,,,,,,,,,,,,,,,,
001IR00001q1gmsYAA,"인피니",1,2025-06-09,,2022-11-03,"카드단말기","도매 및 소매업",,"구준모",010-5327-9983,1,100,1,1,100,2025-06-09,"어도용",Qualified,Y,,,,,,,,,,,,,,,,
001IR00001q1gn6YAA,"이민규(개인)",2,2025-06-04,,2023-01-11,"","",,"오유정",010-6252-6907,2,100,2,2,100,2025-06-04,"한명준",Qualified,Y,2025-03-31,"최성원",Qualified,Y,,,,,,,,,,,,
001IR00001q1h17YAA,"키움정보통신",1,2025-06-02,,2023-05-11,"통신기기","도매 및 소매업",,"박해규",010-4142-9416,1,100,1,1,100,2025-06-02,"최희숙",Qualified,Y,,,,,,,,,,,,,,,,
001TJ00000Fzz5yYAB,"정성씨앤씨",1,2025-05-30,,,"기타 사무 지원 서비스업","서비스업",,"구준모",,1,100,1,0,0,2025-05-30,"송희준",Qualified,Y,,,,,,,,,,,,,,,,
001TJ00000HMtxBYAT,"마스터카운터",1,2025-05-21,,,"신용카드조회기","소매/도소매",,"구준모",,1,100,1,1,100,2025-05-21,"박주현",Qualified,Y,,,,,,,,,,,,,,,,
001TJ00000HE82MYAT,"피에프인터내셔날",1,2025-05-16,,,"","",사업자,"정용현",,1,100,1,0,0,2025-05-16,"박대박부대찌개(압구정점)",Qualified,Y,,,,,,,,,,,,,,,,
001TJ00000E7LuJYAV,"씨앤에이치 (CNH)",1,2025-05-16,,2025-04-01,"도소매","POS시스템 , 신용카드단말기",사업자,"정용현",,1,100,1,1,100,2025-05-16,"상호미정",Qualified,Y,,,,,,,,,,,,,,,,
001IR00001ubz5hYAA,"제이에스정보",2,2025-05-09,,2024-11-04,"신용카드조회기","도소매",,"박해규",010-5938-3760,2,100,2,1,50,2025-05-09,"고시고시(확인필요)",Qualified,Y,2024-10-28,"대표",Qualified,Y,,,,,,,,,,,,
001IR00001q1pIGYAY,"(주)씨디엠세상의중심",8,2025-05-09,,2024-08-13,"카드단말기 임대","부동산업",사업자,"박해규",010-4789-6240,8,100,8,3,38,2025-05-09,"송정각",Qualified,Y,2025-04-07,"더원아카데미 카엘리움 4층 라운지",Qualified,Y,2024-12-19,"칼국수전문",Qualified,Y,2024-10-31,"-",Qualified,Y,2024-09-13,"풍금",Qualified,Y
001IR00001q1h60YAA,"스마일정보통신",2,2025-05-02,,,"","",,"장성원",,2,100,2,1,50,2025-05-02,"호미불닭발(영종점)",Qualified,Y,2024-09-19,"-",Qualified,Y,,,,,,,,,,,,
001IR00001ua4ZKYAY,"빙고포스넷",3,2025-05-02,,2024-11-05,"신용카드단말기","도매 및 소매업",,"오유정",010-6551-0001,3,100,3,1,33,2025-05-02,"윤박사밀면",Qualified,Y,2025-02-19,"주주총회(창원점)",Qualified,Y,2024-10-08,"전경수",Qualified,Y,,,,,,,,
001IR00001q1h4cYAA,"대호통신포스",1,2025-04-24,,2023-10-23,"카드체크기,포스","도소매",사업자,"정용현",010-7626-0395,1,100,1,1,100,2025-04-24,"니어브릿지황지점",Qualified,Y,,,,,,,,,,,,,,,,
001TJ00000FSESRYA5,"우리밴서비스",1,2025-04-15,,,"신용카드조회기","도소매",사업자,"정용현",,1,100,1,0,0,2025-04-15,"뽕례밥상",Qualified,Y,,,,,,,,,,,,,,,,
001TJ00000CCSknYAH,"이대규(임복금) / 개인",1,2025-04-14,,2025-02-07,"","",,"명세준",,1,100,1,1,100,2025-04-14,"번양집 구일점",Qualified,Y,,,,,,,,,,,,,,,,
001IR00001q1h3MYAQ,"이지라인",1,2025-04-10,,2023-11-06,"","",,"박해규",010-6205-3316,1,100,1,1,100,2025-04-10,"교동짬뽕1986 (동탄송동점)",Qualified,Y,,,,,,,,,,,,,,,,
001TJ00000FFch5YAD,"라온네트웍스",1,2025-04-10,,,"전자상거래업","도소매",사업자,"박해규",,1,100,1,1,100,2025-04-10,"오인숙",Qualified,Y,,,,,,,,,,,,,,,,
001TJ00000FEKCuYAP,"SAS",1,2025-04-10,,,"","",,"정용현",,1,100,1,0,0,2025-04-10,"계도",Qualified,Y,,,,,,,,,,,,,,,,
001IR00001q1h5wYAA,"지호정보통신",8,2025-04-09,,2024-04-05,"","",사업자,"정용현",010-9926-4939,8,100,8,6,75,2025-04-09,"null",Qualified,Y,2025-03-27,"null",Qualified,Y,2025-02-26,"김영웅",Qualified,Y,2025-02-12,"김대아",Qualified,Y,2025-02-04,"이정미",Qualified,Y
001IR00001q1h4PYAQ,"강남정보통신",2,2025-04-03,,2023-05-22,"통신장비","도매 및 소매업",사업자,"정용현",010-8873-2281,2,100,2,0,0,2025-04-03,"이민기",Qualified,Y,2024-10-14,"윤현정",Qualified,Y,,,,,,,,,,,,
001IR00001v7fvNYAQ,"OK정보통신(김정신)",2,2025-03-25,,,"신용카드단말기","소매업/서비스",,"명세준",,2,100,2,2,100,2025-03-25,"조윤행",Qualified,Y,2024-12-09,"이현아",Qualified,Y,,,,,,,,,,,,
001TJ00000DmANSYA3,"이음정보통신(제로포스)",1,2025-03-14,,,"통신기기 소매업 / 보암 시스템 서비스업","도매 및 소매업 / 사업시설관리, 사업지원 및 임대 서비스업",,"정용현",,1,100,1,1,100,2025-03-14,"박민우",Qualified,Y,,,,,,,,,,,,,,,,
001IR00001q1h58YAA,"퍼스트카드넷",2,2025-03-12,,2024-03-26,"","",,"명세준",010-4927-1643,2,100,2,2,100,2025-03-12,"김형수",Qualified,Y,2024-09-20,"이근동",Qualified,Y,,,,,,,,,,,,
001IR00001ubi5QYAQ,"위아컴퍼니",1,2025-03-06,,2022-06-29,"","",,"명세준",010-6864-3848,1,100,1,1,100,2025-03-06,"김도환",Qualified,Y,,,,,,,,,,,,,,,,
001IR00001q1h4CYAQ,"인포",1,2025-03-05,,2024-03-08,"","",,"명세준",010-3765-0042,1,100,1,1,100,2025-03-05,"상호미정",Qualified,Y,,,,,,,,,,,,,,,,
001TJ00000A1wCMYAZ,"김행욱(개인)",4,2025-03-04,,,"","",,"명세준",,4,100,4,4,100,2025-03-04,"꼬목살(부산가야점)",Qualified,Y,2025-01-22,"꼬목살 주례본점",Qualified,Y,2025-01-21,"박원규",Qualified,Y,2024-12-12,"-",Qualified,Y,,,,
001TJ00000DHYYrYAP,"더하다(AND&B)",1,2025-03-04,,,"한식","음식",,"명세준",,1,100,1,1,100,2025-03-04,"고메밀면",Qualified,Y,,,,,,,,,,,,,,,,
001IR00001q1gmeYAA,"백성일",1,2025-02-24,,2022-05-25,"","",,"장성원",010-8688-0023,1,100,1,1,100,2025-02-24,"-",Qualified,Y,,,,,,,,,,,,,,,,
001TJ00000AVT9eYAH,"신안네트웍스",2,2025-02-17,,,"신용카드 단말기 관리","임대업",,"명세준",010-7706-8639,2,100,2,2,100,2025-02-17,"유지한",Qualified,Y,2024-12-24,"김상철",Qualified,Y,,,,,,,,,,,,
001TJ00000BcdGYYAZ,"정호정보통신",5,2025-02-13,,,"","",사업자,"민재홍",,5,100,5,4,80,2025-02-13,"-",Qualified,Y,2025-02-07,"권호원",Qualified,Y,2025-02-04,"김경석",Qualified,Y,2025-01-31,"-",Qualified,Y,2025-01-23,"-",Qualified,Y
001IR00001q1h0RYAQ,"(등록X)한국정보유니온",4,2025-02-11,,2022-08-26,"컴퓨터 및 주변장치","도매 및 소매업",,"장성원",010-2829-9408,4,100,4,3,75,2025-02-11,"한잔의술일산백마점",Qualified,Y,2024-11-06,"점주",Qualified,Y,2024-10-10,"정성순대 서울충장로점",Qualified,Y,2024-09-30,"뼛집",Qualified,Y,,,,
001IR00001q1wBpYAI,"주식회사 세롬",3,2025-02-10,,2024-02-26,"주거용 건물 건설업","건설업",,"명세준",010-9258-9493,3,100,3,2,67,2025-02-10,"양심소 익산모현",Qualified,Y,2024-10-24,"양심소 경기광주점",Qualified,Y,2024-09-04,"양심소군포점",Qualified,Y,,,,,,,,
001IR00001uceDtYAI,"가전총판",2,2025-02-07,,2024-11-07,"","도매 및 소매업",사업자,"명세준",,2,100,2,1,50,2025-02-07,"-",Qualified,Y,2024-12-24,"고호준",Qualified,Y,,,,,,,,,,,,
001IR00001q1gmSYAQ,"연합정보시스템",2,2025-02-05,,2022-09-24,"카드체크기, POS","도소매",,"명세준",010-5524-6758,2,100,2,1,50,2025-02-05,"갈마동소예",Qualified,Y,2025-02-05,"티월드동소예주식회사",Qualified,Y,,,,,,,,,,,,
001TJ00000C5siPYAR,"스피드맥",1,2025-02-05,,,"통신기계","소매",사업자,"명세준",,1,100,1,1,100,2025-02-05,"옥수정",Qualified,Y,,,,,,,,,,,,,,,,
001IR00001q1oRkYAI,"애드뱅크",1,2025-02-04,,2024-08-09,"인쇄","제주",,"명세준",,1,100,1,0,0,2025-02-04,"-",Qualified,Y,,,,,,,,,,,,,,,,
001IR00001q1uCjYAI,"임연선(개인)",3,2025-02-03,,2024-08-28,"","",,"명세준",010-2375-0213,3,100,3,3,100,2025-02-03,"박성만",Qualified,Y,2025-01-15,"오세림",Qualified,Y,2024-08-28,"-",Qualified,Y,,,,,,,,
001IR00001q1h1xYAA,"한강정보시스템",1,2025-01-24,,,"카드체크기판매","서비스",,"명세준",,1,100,1,1,100,2025-01-24,"24시전주명가콩나물국밥관평점",Qualified,Y,,,,,,,,,,,,,,,,
001IR00001q1h5CYAQ,"티씨소프트웨어",4,2025-01-22,,2024-05-17,"","",사업자,"정용현",010-5024-8489,4,100,4,3,75,2025-01-22,"갓생맥주 장림점",Qualified,Y,2024-11-21,"갓생맥주부산사상점",Qualified,Y,2024-11-04,"갓생맥주 서산 예천2지구점",Qualified,Y,2024-08-03,"null",Qualified,Y,,,,
001TJ00000BXCQgYAP,"대교정보통신",1,2025-01-21,,,"","",,"정용현",,1,100,1,0,0,2025-01-21,"이구철 차장",Qualified,Y,,,,,,,,,,,,,,,,
001IR00001q1wTeYAI,"제일좋은솔루션",3,2025-01-20,,2024-05-27,"카드단말기","도소매",,"명세준",010-2724-1271,3,100,3,2,67,2025-01-20,"강강술래늘봄점",Qualified,Y,2025-01-20,"강강술래 홍대점",Qualified,Y,2024-10-28,"최종환 차장",Qualified,Y,,,,,,,,
001TJ00000BLTvAYAX,"주식회사 인토시스(티지테크놀로지)",1,2025-01-16,,2025-01-16,"신용카드조회","도매및소매업",,"명세준",,1,100,1,0,0,2025-01-16,"-",Qualified,Y,,,,,,,,,,,,,,,,
001IR00001q1gmOYAQ,"코리아",2,2025-01-14,,2022-10-18,"실내외조경업, 조경관리업","건설업",,"명세준",010-9514-1130,2,100,2,2,100,2025-01-14,"무등왕돈까스 남평",Qualified,Y,2024-08-08,"김대만",Qualified,Y,,,,,,,,,,,,
001IR00001q1h3TYAQ,"포비즈1",1,2025-01-02,,2023-10-23,"소프트웨어개발","정보통신업",,"명세준",,1,100,1,0,0,2025-01-02,"김태환",Qualified,Y,,,,,,,,,,,,,,,,
001IR00001q1h5GYAQ,"시너지파트너스",2,2025-01-02,,2024-05-20,"판매대행업","전문서비스업",,"박해규",010-3422-1071,2,100,2,1,50,2025-01-02,"박왕기",Qualified,Y,2024-10-21,"가르텐비어 대덕점",Qualified,Y,,,,,,,,,,,,
001IR00001q1gm8YAA,"제로시스템",1,2025-01-02,,2022-08-11,"컴퓨터, 통신기기관련제품","도소매",,"명세준",010-5034-8999,1,100,1,0,0,2025-01-02,"개성국밥",Qualified,Y,,,,,,,,,,,,,,,,